Name [displayName] Required,User name [userPrincipalName] Required,Initial password [passwordProfile] Required,Account enabled (true/false) [accountEnabled],First name [givenName],Last name [surname],Job title [jobTitle],Department [department],Usage location [usageLocation],Street address [streetAddress],State or province [state],Country or region [country],Office [officeLocation],City [city],ZIP or postal code [postalCode],Business phone [businessPhones],Mobile phone [mobilePhone]
Student 01,student01@InnovatorLearningTrainingso.onmicrosoft.com,J_sJ#kDqLD2DDSPc,true,Student,01,Trainee,Cloud Data GenAI Training,IN,,,India,,,,,
Student 02,student02@InnovatorLearningTrainingso.onmicrosoft.com,j!STHKW_xt%1WJdw,true,Student,02,Trainee,Cloud Data GenAI Training,IN,,,India,,,,,
Student 03,student03@InnovatorLearningTrainingso.onmicrosoft.com,6J9BPO%aCsKepvaz,true,Student,03,Trainee,Cloud Data GenAI Training,IN,,,India,,,,,
Student 04,student04@InnovatorLearningTrainingso.onmicrosoft.com,JwWvA4h@0Bo8FG3r,true,Student,04,Trainee,Cloud Data GenAI Training,IN,,,India,,,,,
Student 05,student05@InnovatorLearningTrainingso.onmicrosoft.com,ZU$Sy22h-!me64w@,true,Student,05,Trainee,Cloud Data GenAI Training,IN,,,India,,,,,
Student 06,student06@InnovatorLearningTrainingso.onmicrosoft.com,gAhx*Tjfp92_NKdg,true,Student,06,Trainee,Cloud Data GenAI Training,IN,,,India,,,,,
Student 07,student07@InnovatorLearningTrainingso.onmicrosoft.com,kItraLlvW-x2Fo85,true,Student,07,Trainee,Cloud Data GenAI Training,IN,,,India,,,,,
Student 08,student08@InnovatorLearningTrainingso.onmicrosoft.com,o428aRRTAz-$mIEo,true,Student,08,Trainee,Cloud Data GenAI Training,IN,,,India,,,,,
Student 09,student09@InnovatorLearningTrainingso.onmicrosoft.com,m2vag6ltb9MT2_sE,true,Student,09,Trainee,Cloud Data GenAI Training,IN,,,India,,,,,
Student 10,student10@InnovatorLearningTrainingso.onmicrosoft.com,FpEPpzyUwNS*n3P#,true,Student,10,Trainee,Cloud Data GenAI Training,IN,,,India,,,,,
Student 11,student11@InnovatorLearningTrainingso.onmicrosoft.com,DxQ77c3vv_7i5j!K,true,Student,11,Trainee,Cloud Data GenAI Training,IN,,,India,,,,,
Student 12,student12@InnovatorLearningTrainingso.onmicrosoft.com,UjNq_F$NPqm1swB2,true,Student,12,Trainee,Cloud Data GenAI Training,IN,,,India,,,,,
Student 13,student13@InnovatorLearningTrainingso.onmicrosoft.com,rec$jz036v9QX%SI,true,Student,13,Trainee,Cloud Data GenAI Training,IN,,,India,,,,,
Student 14,student14@InnovatorLearningTrainingso.onmicrosoft.com,n0HRzr68gT5o_Aq!,true,Student,14,Trainee,Cloud Data GenAI Training,IN,,,India,,,,,
